-- MariaDB dump 10.19  Distrib 10.11.6-MariaDB, for debian-linux-gnu (x86_64)
--
-- Host: localhost    Database: formakuntzak
-- ------------------------------------------------------
-- Server version	10.11.6-MariaDB-0+deb12u1

/*!40101 SET @OLD_CHARACTER_SET_CLIENT=@@CHARACTER_SET_CLIENT */;
/*!40101 SET @OLD_CHARACTER_SET_RESULTS=@@CHARACTER_SET_RESULTS */;
/*!40101 SET @OLD_COLLATION_CONNECTION=@@COLLATION_CONNECTION */;
/*!40101 SET NAMES utf8mb4 */;
/*!40103 SET @OLD_TIME_ZONE=@@TIME_ZONE */;
/*!40103 SET TIME_ZONE='+00:00' */;
/*!40014 SET @OLD_UNIQUE_CHECKS=@@UNIQUE_CHECKS, UNIQUE_CHECKS=0 */;
/*!40014 SET @OLD_FOREIGN_KEY_CHECKS=@@FOREIGN_KEY_CHECKS, FOREIGN_KEY_CHECKS=0 */;
/*!40101 SET @OLD_SQL_MODE=@@SQL_MODE, SQL_MODE='NO_AUTO_VALUE_ON_ZERO' */;
/*!40111 SET @OLD_SQL_NOTES=@@SQL_NOTES, SQL_NOTES=0 */;

--
-- Current Database: `*********`
--

CREATE DATABASE /*!32312 IF NOT EXISTS*/ `********` /*!40100 DEFAULT CHARACTER SET utf8mb4 COLLATE utf8mb4_general_ci */;

USE `**********`;

-- Check if the '*********' database exists, if not, create it and then use it for the following operations
CREATE USER IF NOT EXISTS '*********'@'%' IDENTIFIED BY '*********';

GRANT ALL PRIVILEGES ON **********.* TO '***********'@'%';
FLUSH PRIVILEGES;
--
-- Table structure for table `familiak`
--

DROP TABLE IF EXISTS `familiak`;
/*!40101 SET @saved_cs_client     = @@character_set_client */;
/*!40101 SET character_set_client = utf8 */;
CREATE TABLE `familiak` (
  `id` int(3) NOT NULL AUTO_INCREMENT,
  `kodea` varchar(5) NOT NULL,
  `izena` varchar(255) NOT NULL,
  PRIMARY KEY (`id`)
) ENGINE=InnoDB AUTO_INCREMENT=27 DEFAULT CHARSET=utf8mb4 COLLATE=utf8mb4_general_ci;
/*!40101 SET character_set_client = @saved_cs_client */;

--
-- Dumping data for table `familiak`
--

LOCK TABLES `familiak` WRITE;
/*!40000 ALTER TABLE `familiak` DISABLE KEYS */;
INSERT INTO `familiak` VALUES
(1,'ADG','Administración y Gestión'),
(2,'AFD','Actividades Físicas y Deportivas'),
(3,'AGA','Agraria'),
(4,'ARG','Artes Gráficas'),
(5,'ART','Artes y Artesanías'),
(6,'COM','Comercio y Marketing'),
(7,'ELE','Electricidad y Electrónica'),
(8,'ENA','Energía y Agua'),
(9,'EOC','Edificación y Obra Civil'),
(10,'FME','Fabricación Mecánica'),
(11,'HOT','Hostelería y Turismo'),
(12,'IEX','Industrias Extractivas'),
(13,'IFC','Informática y Comunicaciones'),
(14,'IMA','Instalación y Mantenimiento'),
(15,'IMP','Imagen Personal'),
(16,'IMS','Imagen y Sonido'),
(17,'INA','Industrias Alimentarias'),
(18,'MAM','Madera, Mueble y Corcho'),
(19,'MAP','Marítimo Pesquera'),
(20,'QUI','Química'),
(21,'SAN','Sanidad'),
(22,'SEA','Seguridad y Medio Ambiente'),
(23,'SSC','Servicios Socioculturales y a la Comunidad'),
(24,'TCP','Textil, Confección y Piel'),
(25,'TMV','Transporte y Mantenimiento de Vehículos'),
(26,'VIC','Vidrio y Cerámica');
/*!40000 ALTER TABLE `familiak` ENABLE KEYS */;
UNLOCK TABLES;

--
-- Table structure for table `ikastetxeak`
--

DROP TABLE IF EXISTS `ikastetxeak`;
/*!40101 SET @saved_cs_client     = @@character_set_client */;
/*!40101 SET character_set_client = utf8 */;
CREATE TABLE `ikastetxeak` (
  `kodea` int(6) NOT NULL,
  `izena` varchar(255) NOT NULL,
  `lurraldea` varchar(255) NOT NULL,
  `herria` varchar(255) NOT NULL,
  PRIMARY KEY (`kodea`)
) ENGINE=InnoDB DEFAULT CHARSET=utf8mb4 COLLATE=utf8mb4_general_ci;
/*!40101 SET character_set_client = @saved_cs_client */;

--
-- Dumping data for table `ikastetxeak`
--

LOCK TABLES `ikastetxeak` WRITE;
/*!40000 ALTER TABLE `ikastetxeak` DISABLE KEYS */;
INSERT INTO `ikastetxeak` VALUES
(10046,'IES ANITURRI BHI','Araba','Salvatierra/Agurain'),
(10108,'CIFP INSTITUTO AGRARIO ARKAUTE / ARKAUTE NEKAZARITZA INSTITUTUA LHII','Araba','Vitoria-Gasteiz'),
(10133,'IES FEDERICO BARAIBAR BHI','Araba','Vitoria-Gasteiz'),
(10134,'IES FRANCISCO DE VITORIA BHI','Araba','Vitoria-Gasteiz'),
(10137,'CIFP CIUDAD JARDÍN LHII','Araba','Vitoria-Gasteiz'),
(10138,'CIFP MENDIZABALA LHII','Araba','Vitoria-Gasteiz'),
(10201,'CIFP LAUDIOALDE LANBIDE ESKOLA LHII','Araba','Laudio/Llodio'),
(10214,'CPFPB BERMAR OLHIP','Araba','Vitoria-Gasteiz'),
(10221,'CPEIPS URKIDE HLBHIP','Araba','Vitoria-Gasteiz'),
(10228,'CPEIPS PRESENTACIÓN DE MARIA HLBHIP','Araba','Vitoria-Gasteiz'),
(10229,'CPEIPS CARMELITAS-SAGRADO CORAZÓN HLBHIP','Araba','Vitoria-Gasteiz'),
(10244,'CPEIPS PAULA MONTAL HLBHIP','Araba','Vitoria-Gasteiz'),
(10248,'CPIFP EGIBIDE LHIPI','Araba','Vitoria-Gasteiz'),
(10254,'CPES APOSTÓLICO SAN JOSÉ BHIP','Araba','Iruña Oka/Iruña de Oca'),
(10256,'CIFP HOSTELERÍA LHII','Araba','Vitoria-Gasteiz'),
(10258,'CEPA NTRA. SRA. DEL CARMEN HHI','Araba','Vitoria-Gasteiz'),
(10291,'CPFPB ADSIS VITORIA-GASTEIZ OLHIP','Araba','Vitoria-Gasteiz'),
(10296,'CIFP CONSTRUCCIÓN LHII','Araba','Vitoria-Gasteiz'),
(10319,'IES ZARAOBE BHI','Araba','Amurrio'),
(10349,'IES SAMANIEGO-LAGUARDIA BHI','Araba','Laguardia'),
(10351,'IES LAUDIO BHI','Araba','Laudio/Llodio'),
(10745,'CIFP MURGIA LHII','Araba','Zuia'),
(12040,'CIFP FRAISORO ESKOLA LHII','Gipuzkoa','Zizurkil'),
(12053,'CIFP UNI EIBAR-ERMUA LHII','Gipuzkoa','Eibar'),
(12054,'CIFP ARMERÍA ESKOLA LHII','Gipuzkoa','Eibar'),
(12108,'CIFP PLAIAUNDI LHII','Gipuzkoa','Irun'),
(12132,'IES MUTRIKU BHI','Gipuzkoa','Mutriku'),
(12151,'CIFP NÁUTICO PESQUERO DE PASAIA - BLAS DE LEZO LHII','Gipuzkoa','Pasaia'),
(12229,'CIFP POLITÉCNICO EASO POLITEKNIKOA LHII','Gipuzkoa','Donostia/San Sebastián'),
(12282,'IES OIANGUREN BHI','Gipuzkoa','Ordizia'),
(12286,'IES J.M. IPARRAGIRRE BHI','Gipuzkoa','Urretxu'),
(12291,'CIFP MONTE ALBERTIA LHII','Gipuzkoa','Zarautz'),
(12298,'IES ZUMAIA BHI','Gipuzkoa','Zumaia'),
(12345,'CPEIPS SAN FRANTZISKO XABIER LBHIP','Gipuzkoa','Arrasate/Mondragón'),
(12362,'CPES J.M. BARANDIARAN LIZEOA BHIP','Gipuzkoa','Donostia/San Sebastián'),
(12380,'CPEIPS MARIAREN LAGUNDIA IKASTOLA HLBHIP','Gipuzkoa','Bergara'),
(12394,'CPES ESC. CINE Y VIDEO-ZINE ETA BIDEO ESKOLA BHIP','Gipuzkoa','Andoain'),
(12432,'CPEIPS LA INMACULADA HLBHIP','Gipuzkoa','Hernani'),
(12456,'CPIFP MONDRAGON GOI ESK.POLITEK. J.M.A.S.COOP LHIPI','Gipuzkoa','Arrasate/Mondragón'),
(12462,'CPES OÑATI GESTIO HEZIKETA BHIP','Gipuzkoa','Oñati'),
(12468,'CIFP DON BOSCO LHII','Gipuzkoa','Errenteria'),
(12479,'CPIFP CENTRO DE ESTUDIOS A.E.G. LHIPI','Gipuzkoa','Donostia/San Sebastián'),
(12485,'CPES SEIM BHIP','Gipuzkoa','Donostia/San Sebastián'),
(12490,'CPIFP NAZARET LANBIDE HEZIKETA LHIPI','Gipuzkoa','Donostia/San Sebastián'),
(12491,'CPES C.D.E.A. BHIP','Gipuzkoa','Donostia/San Sebastián'),
(12497,'CPIFP CEBANC LHIPI','Gipuzkoa','Donostia/San Sebastián'),
(12498,'CPIFP CEINPRO LHIPI','Gipuzkoa','Donostia/San Sebastián'),
(12516,'CPEIPS SALESIANOS DONOSTIA HLBHIP','Gipuzkoa','Donostia/San Sebastián'),
(12529,'CPES ORTZADAR HBIP','Gipuzkoa','Donostia/San Sebastián'),
(12544,'CPES ELIZARAN IKASTETXEA BHIP','Gipuzkoa','Donostia/San Sebastián'),
(12566,'CPIFP TOLOSAKO INMAKULADA LANBIDE IKASTOLA LHIPI','Gipuzkoa','Tolosa'),
(12572,'CPIFP SALESIANOS URNIETA LHIPI','Gipuzkoa','Urnieta'),
(12581,'CPIFP GOIERRI LHIPI','Gipuzkoa','Ordizia'),
(12593,'CPIFP UROLA GARAIKO LANBIDE ESKOLA LHIPI','Gipuzkoa','Zumarraga'),
(12675,'IMFPB ANDOAIN OLHUI','Gipuzkoa','Andoain'),
(12677,'IMFPB EIBAR OLHUI','Gipuzkoa','Eibar'),
(12680,'IMFPB PASAIA OLHUI','Gipuzkoa','Pasaia'),
(12726,'IMFPB AIA-UROLA KOSTA OLHUI','Gipuzkoa','Zumaia'),
(12727,'CPFBP DEIKAGEST ERRENTERIA OLHIP','Gipuzkoa','Errenteria'),
(12728,'CPFPB ADSIS DONOSTIA OLHIP','Gipuzkoa','Donostia/San Sebastián'),
(12729,'IMFPB USURBIL OLHUI','Gipuzkoa','Usurbil'),
(12740,'IES LEIZARAN BHI','Gipuzkoa','Andoain'),
(12742,'CPIFP IRUNGO LA SALLE LHIPI','Gipuzkoa','Irun'),
(12746,'CPIFP LA SALLE-BERROZPE LHIPI','Gipuzkoa','Andoain'),
(12756,'CPES C. ESTUD. DE PELU. Y EST. BETA BHIP','Gipuzkoa','Donostia/San Sebastián'),
(12763,'CIFP MAQ.–HERRAM./MAKINA-ERREMINTA LHII','Gipuzkoa','Elgoibar'),
(12940,'CPFPB SUSTAKER OLHIP','Gipuzkoa','Donostia/San Sebastián'),
(12982,'IES XABIER ZUBIRI-MANTEO BHI','Gipuzkoa','Donostia/San Sebastián'),
(13015,'IES OÑATE BHI','Gipuzkoa','Oñati'),
(13020,'CIFP MIGUEL ALTUNA LHII','Gipuzkoa','Bergara'),
(13021,'CIFP BIDASOA LHII','Gipuzkoa','Irun'),
(13022,'CIFP USURBIL LHII','Gipuzkoa','Usurbil'),
(13023,'CIFP TOLOSALDEA LHII','Gipuzkoa','Tolosa'),
(13070,'CPES ESCUELA DE HOSTELERÍA AIALA BHIP','Gipuzkoa','Zarautz'),
(13255,'CIFP ARETXABALETA LANBIDE ESKOLA LHII','Gipuzkoa','Aretxabaleta'),
(13380,'CPIFP OTEITZA LIZEO POLITEKNIKOA LHIPI','Gipuzkoa','Zarautz'),
(13432,'CIFP MEKA LHII','Gipuzkoa','Elgoibar'),
(13500,'CPES CENTRO DE FORMACIÓN MENDIBIL FORMAZIO ZENTROA BHIP','Gipuzkoa','Irun'),
(13532,'CIFP DE DESARROLLO SOSTENIBLE EN EDIFICACIÓN INTELIGENTE LHII','Gipuzkoa','Lasarte-Oria'),
(13533,'CIFP KARDALA LHII','Gipuzkoa','Mutriku'),
(13534,'CIFP DE INNOVACIÓN SOCIAL LHII','Gipuzkoa','Hernani'),
(13536,'CPFPB PEÑASCAL TOLOSA OLHIP','Gipuzkoa','Tolosa'),
(13540,'CPFPB MARTUTENE LANBIDE ESKOLA OLHIP','Gipuzkoa','Donostia/San Sebastián'),
(13542,'CPFPB GUREAK OLHIP','Gipuzkoa','Donostia/San Sebastián'),
(13556,'CIFP IZARRAITZ LANBIDE HEZIKETA LHII','Gipuzkoa','Azkoitia'),
(13613,'CIFP DE APRENDIZAJES VIRTUALES Y DIGITALIZADOS - IKASKUNTZA BIRTUAL ETA DIGITALIZATUEN LHII','Araba','Vitoria-Gasteiz'),
(13656,'CEPS GAINBERRI KIROL HEZIKETA BHIP','Gipuzkoa','Tolosa'),
(14010,'IES DOLORES IBARRURI BHI','Bizkaia','Abanto y Ciérvana-Abanto Zierbena'),
(14069,'CIFP BARAKALDO LHII','Bizkaia','Barakaldo'),
(14088,'CIFP BIDEBIETA LHII','Bizkaia','Basauri'),
(14200,'IES ESKURTZE BHI','Bizkaia','Bilbao'),
(14205,'CIFP EMILIO CAMPUZANO LHII','Bizkaia','Bilbao'),
(14279,'CIFP ANDRA MARI LHII','Bizkaia','Galdakao'),
(14301,'CIFP FADURA LHII','Bizkaia','Getxo'),
(14320,'IES GERNIKA BHI','Bizkaia','Gernika-Lumo'),
(14339,'IES JOSE MIGUEL BARANDIARAN BHI','Bizkaia','Leioa'),
(14340,'CIFP ESCUELA DE HOSTELERÍA LHII','Bizkaia','Leioa'),
(14398,'IES JUAN ANTONIO ZUNZUNEGUI BHI','Bizkaia','Portugalete'),
(14422,'CIFP SAN JORGE LHII','Bizkaia','Santurtzi'),
(14441,'IES SATURNINO DE LA PEÑA BHI','Bizkaia','Sestao'),
(14451,'IES BALMASEDA BHI','Bizkaia','Balmaseda'),
(14601,'CIFP NÁUTICO PESQUERA / NAUTIKA ETA ARRANTZAKO LHII','Bizkaia','Bermeo'),
(14615,'CPES ALMI BHIP','Bizkaia','Bilbao'),
(14619,'CPEIPS ANGELES CUSTODIOS HLBHIP','Bizkaia','Bilbao'),
(14620,'CPES ARANGOYA BHIP','Bizkaia','Bilbao'),
(14621,'CPES ARCE BHIP','Bizkaia','Bilbao'),
(14622,'CPES ARMENGOL BHIP','Bizkaia','Bilbao'),
(14631,'CPES CEINMARK BHIP','Bizkaia','Bilbao'),
(14633,'CPES CRUZ ROJA BHIP','Bizkaia','Bilbao'),
(14634,'CPIFP JESUITAK POLITEKNIKOA LHIPI','Bizkaia','Bilbao'),
(14635,'CPES SOPEÑA-BILBAO BHIP','Bizkaia','Bilbao'),
(14643,'CPES FERNANDO BHIP','Bizkaia','Bilbao'),
(14648,'CPES HERMANOS LARRINAGA S.L. BHIP','Bizkaia','Bilbao'),
(14664,'CPIFP SALESIANOS DEUSTO-M. AUX.-SA LHIPI','Bizkaia','Bilbao'),
(14665,'CPES MARÍA INMACULADA BHIP','Bizkaia','Bilbao'),
(14669,'CPES MIKELDI BHIP','Bizkaia','Bilbao'),
(14680,'CPIFP INNOVACIÓN SOCIAL DIEGO BERGUICES-OTXARKOAGA LHIPI','Bizkaia','Bilbao'),
(14696,'CPES SAN LUIS BHIP','Bizkaia','Bilbao'),
(14704,'CPES STA. MARIA DE ARTAGAN BHIP','Bizkaia','Bilbao'),
(14718,'CPIFP ZABALBURU IKASTETXEA S. COOP. LHIPI','Bizkaia','Bilbao'),
(14723,'CPIFP ARRATIAKO ZULAIBAR LANBIDE IKASTEGIA LHIPI','Bizkaia','Zeanuri'),
(14728,'CPIFP MARISTAK DURANGO LHIPI','Bizkaia','Durango'),
(14747,'CPES IBAIONDO BHIP','Bizkaia','Getxo'),
(14775,'CPIFP LEA-ARTIBAI LHIPI','Bizkaia','Markina-Xemein'),
(14779,'CPIFP SOMORROSTRO LHIPI','Bizkaia','Muskiz'),
(14781,'CPES NTRA. SRA. DE LA ANTIGUA BHIP','Bizkaia','Ondarroa'),
(14786,'CPEIPS NTRA. SRA. DE LA ANTIGUA HLBHIP','Bizkaia','Urduña/Orduña'),
(14797,'CPES XABIER BHIP','Bizkaia','Portugalete'),
(14810,'CPIFP CALASANZ LANBIDE IKASTEGIA LHIPI','Bizkaia','Santurtzi'),
(14824,'CPIFP SAN VIATOR LHIPI','Bizkaia','Sopuerta'),
(14828,'CPEIPS MARISTAS-SAN MIGUEL HLBHIP','Bizkaia','Zalla'),
(14837,'CPIFP TXORIERRI S. COOP. LTDA. LHIPI','Bizkaia','Derio'),
(14845,'CPES ESPERANZA ALHAMA BHIP','Bizkaia','Loiu'),
(14890,'IMFPB BITURITXA-BARAKALDO OLHUI','Bizkaia','Barakaldo'),
(14891,'IMFPB BASAURI OLHUI','Bizkaia','Basauri'),
(14893,'CPFPB ADSIS BILBAO OLHIP','Bizkaia','Bilbao'),
(14894,'IMFPB DURANGO OLHUI','Bizkaia','Durango'),
(14895,'CPFPB ADSIS LEIOA OLHIP','Bizkaia','Leioa'),
(14899,'IMFPB PORTUGALETE OLHUI','Bizkaia','Portugalete'),
(14900,'CPFPB MEATZALDEA OLHIP','Bizkaia','Ortuella'),
(14901,'IMFPB ERANDIO OLHUI','Bizkaia','Erandio'),
(14945,'CIFP CONSTRUCCIÓN BIZKAIA LHII','Bizkaia','Arrigorriaga'),
(14949,'CIFP ESCUELA AGRARIA DERIO / DERIO NEKAZARITZA ESKOLA LHII','Bizkaia','Derio'),
(14950,'CIFP IURRETA LHII','Bizkaia','Iurreta'),
(14960,'IMFPB BERMEO OLHUI','Bizkaia','Bermeo'),
(14974,'IMFPB ERMUA-MALLABIA OLHUI','Bizkaia','Mallabia'),
(14975,'IMFPB SANTURTZI OLHUI','Bizkaia','Santurtzi'),
(14976,'IMFPB SESTAO OLHUI','Bizkaia','Sestao'),
(14978,'IMFPB GERNIKA-LUMO OLHUI','Bizkaia','Gernika-Lumo'),
(15021,'IES BARRUTIALDE BHI','Bizkaia','Arratzu'),
(15069,'CPIFP FUNDACION PEÑASCAL LHIPI','Bizkaia','Bilbao'),
(15108,'IES MUNGIA BHI','Bizkaia','Mungia'),
(15112,'CIFP ELORRIETA-ERREKA MARI LHII','Bizkaia','Bilbao'),
(15176,'CIFP HOSTELERÍA/OSTALARITZA LHII','Bizkaia','Galdakao'),
(15188,'IES IBARREKOLANDA BHI','Bizkaia','Bilbao'),
(15220,'CPES IBAIZABAL KOOP. E. IKASTOLA BHIP','Bizkaia','Durango'),
(15224,'CPFPB E. P. PASTELERÍA Y COMERCIO BIZKAIA OLHIP','Bizkaia','Bilbao'),
(15226,'CPFPB MARGOTU OLHIP','Bizkaia','Bilbao'),
(15234,'CPES EIDE BHIP','Bizkaia','Santurtzi'),
(15240,'IMFPB MUNGIA OLHUI','Bizkaia','Mungia'),
(15305,'CPIFP HARROBIA LHIPI','Bizkaia','Bilbao'),
(15307,'IES FRAY JUAN DE ZUMARRAGA-DURANGO BHI','Bizkaia','Durango'),
(15325,'CPES ESCUELA SUPERIOR DE HOSTELERÍA BILBAO BHIP','Bizkaia','Bilbao'),
(15326,'CPES BAGABILTZA BHIP','Bizkaia','Bilbao'),
(15337,'CPES BAGABILTZA BHIP','Bizkaia','Zalla'),
(15385,'CPES BAGABILTZA BHIP','Bizkaia','Sestao'),
(15386,'CPES IKASAUTO BHIP','Bizkaia','Barakaldo'),
(15476,'CPES BAGABILTZA BHIP','Bizkaia','Balmaseda'),
(15572,'CPES ORUE ESKOLA BHIP','Bizkaia','Amorebieta-Etxano'),
(15623,'IES ONDARROA BHI','Bizkaia','Ondarroa'),
(15624,'IES LEKEITIO BHI','Bizkaia','Lekeitio'),
(15628,'CIFP ZORNOTZA LHII','Bizkaia','Amorebieta-Etxano'),
(15630,'CIFP TARTANGA LHII','Bizkaia','Erandio'),
(15666,'CIFP REPÉLEGA LHII','Bizkaia','Portugalete'),
(15763,'CIFP TXURDINAGA LHII','Bizkaia','Bilbao'),
(15793,'CPFPB ADSIS GETXO OLHIP','Bizkaia','Getxo'),
(15794,'CPFPB PEÑASCAL MARKINA OLHIP','Bizkaia','Markina-Xemein');
/*!40000 ALTER TABLE `ikastetxeak` ENABLE KEYS */;
UNLOCK TABLES;

--
-- Table structure for table `zikloak`
--

DROP TABLE IF EXISTS `zikloak`;
/*!40101 SET @saved_cs_client     = @@character_set_client */;
/*!40101 SET character_set_client = utf8 */;
CREATE TABLE `zikloak` (
  `id` int(5) NOT NULL AUTO_INCREMENT,
  `izena` varchar(255) NOT NULL,
  `idfam` int(3) NOT NULL,
  PRIMARY KEY (`id`),
  KEY `fk_ziklo_fam` (`idfam`),
  CONSTRAINT `fk_ziklo_fam` FOREIGN KEY (`idfam`) REFERENCES `familiak` (`id`) ON DELETE NO ACTION ON UPDATE NO ACTION
) ENGINE=InnoDB AUTO_INCREMENT=218 DEFAULT CHARSET=utf8mb4 COLLATE=utf8mb4_general_ci;
/*!40101 SET character_set_client = @saved_cs_client */;

--
-- Dumping data for table `zikloak`
--

LOCK TABLES `zikloak` WRITE;
/*!40000 ALTER TABLE `zikloak` DISABLE KEYS */;
INSERT INTO `zikloak` VALUES
(1,'PROFESIONAL BÁSICO EN SERVICIOS ADMINISTRATIVOS',1),
(2,'TÉCNICO EN GESTIÓN ADMINISTRATIVA',1),
(3,'TÉCNICO SUPERIOR EN ADMINISTRACIÓN Y FINANZAS',1),
(4,'TÉCNICO SUPERIOR EN ASISTENCIA A LA DIRECCIÓN',1),
(5,'PROFESIONAL BÁSICO EN INFORMÁTICA DE OFICINA',1),
(6,'PROFESIONAL BÁSICO EN INFORMÁTICA DE OFICINA',13),
(7,'PROFESIONAL BÁSICO EN ACCESO Y CONSERVACIÓN EN INSTALACIONES DEPORTIVAS',2),
(8,'TÉCNICO EN GUÍA EN EL MEDIO NATURAL Y DE TIEMPO LIBRE',2),
(9,'TÉCNICO SUPERIOR EN ACONDICIONAMIENTO FÍSICO',2),
(10,'TÉCNICO SUPERIOR EN ENSEÑANZA Y ANIMACIÓN SOCIODEPORTIVA',2),
(11,'TÉCNICO EN ACTIVIDADES ECUESTRES',2),
(12,'TÉCNICO EN ACTIVIDADES ECUESTRES',3),
(13,'PROFESIONAL BÁSICO EN ACTIVIDADES AGROPECUARIAS',3),
(14,'PROFESIONAL BÁSICO EN AGRO-JARDINERÍA Y COMPOSICIONES FLORALES',3),
(15,'PROFESIONAL BÁSICO EN APROVECHAMIENTOS FORESTALES',3),
(16,'TÉCNICO EN PRODUCCIÓN AGROPECUARIA',3),
(17,'TÉCNICO EN APROVECHAMIENTO Y CONSERVACIÓN DEL MEDIO NATURAL',3),
(18,'TÉCNICO EN JARDINERÍA Y FLORISTERÍA',3),
(19,'TÉCNICO EN PRODUCCIÓN AGROECOLOGICA',3),
(20,'TÉCNICO SUPERIOR EN GANADERÍA Y ASISTENCIA EN SANIDAD ANIMAL',3),
(21,'TÉCNICO SUPERIOR EN PAISAJISMO Y MEDIO RURAL',3),
(22,'TÉCNICO SUPERIOR EN GESTIÓN FORESTAL Y DEL MEDIO NATURAL',3),
(23,'PROFESIONAL BÁSICO EN ARTES GRÁFICAS',4),
(24,'TÉCNICO EN IMPRESIÓN GRÁFICA',4),
(25,'TÉCNICO EN POSTIMPRESIÓN Y ACABADOS GRÁFICOS',4),
(26,'TÉCNICO EN PREIMPRESIÓN DIGITAL',4),
(27,'TÉCNICO SUPERIOR EN DISEÑO Y EDICIÓN DE PUBLICACIONES IMPRESAS Y MULTIMEDIA',4),
(28,'TÉCNICO SUPERIOR EN DISEÑO Y GESTIÓN DE LA PRODUCCIÓN GRÁFICA',4),
(29,'TÉCNICO SUPERIOR EN ARTISTA FALLERO Y CONSTRUCCIÓN DE ESCENOGRAFÍAS',5),
(30,'PROFESIONAL BÁSICO EN SERVICIOS COMERCIALES',6),
(31,'TÉCNICO EN ACTIVIDADES COMERCIALES',6),
(32,'TÉCNICO SUPERIOR EN GESTIÓN DE VENTAS Y ESPACIOS COMERCIALES',6),
(33,'TÉCNICO SUPERIOR EN TRANSPORTE Y LOGÍSTICA',6),
(34,'TÉCNICO SUPERIOR EN COMERCIO INTERNACIONAL',6),
(35,'TÉCNICO SUPERIOR EN MARKETING Y PUBLICIDAD',6),
(36,'CURSO DE ESPECIALIZACIÓN EN COMERCIO ELECTRÓNICO',6),
(37,'CURSO DE ESPECIALIZACIÓN EN POSICIONAMIENTO EN BUSCADORES (SEO/SEM) Y COMUNICACIÓN EN REDES SOCIALES',6),
(38,'CURSO DE ESPECIALIZACIÓN EN REDACCIÓN DE CONTENIDOS DIGITALES PARA MARKETING Y VENTAS',6),
(39,'TÉCNICO EN COMERCIALIZACIÓN DE PRODUCTOS ALIMENTARIOS',6),
(40,'TÉCNICO EN COMERCIALIZACIÓN DE PRODUCTOS ALIMENTARIOS',11),
(41,'PROFESIONAL BÁSICO EN ELECTRICIDAD Y ELECTRÓNICA',7),
(42,'TÉCNICO EN INSTALACIONES DE TELECOMUNICACIONES',7),
(43,'TÉCNICO EN INSTALACIONES ELÉCTRICAS Y AUTOMÁTICAS',7),
(44,'TÉCNICO SUPERIOR EN SISTEMAS ELECTROTÉCNICOS Y AUTOMATIZADOS',7),
(45,'TÉCNICO SUPERIOR EN SISTEMAS DE TELECOMUNICACIONES E INFORMÁTICOS',7),
(46,'TÉCNICO SUPERIOR EN MANTENIMIENTO ELECTRÓNICO',7),
(47,'TÉCNICO SUPERIOR EN AUTOMATIZACIÓN Y ROBÓTICA INDUSTRIAL',7),
(48,'TÉCNICO SUPERIOR EN ELECTROMEDICINA CLÍNICA',7),
(49,'CURSO DE ESPECIALIZACIÓN EN INSTALACIÓN Y MANTENIMIENTO DE SISTEMAS CONECTADOS A INTERNET (IoT)',7),
(50,'CURSO DE ESPECIALIZACIÓN EN IMPLEMENTACIÓN DE REDES 5G',7),
(51,'CURSO DE ESPECIALIZACIÓN EN ROBÓTICA COLABORATIVA',7),
(52,'CURSO DE ESPECIALIZACIÓN EN SISTEMAS DE SEÑALIZACIÓN Y TELECOMUNICACIONES FERROVIARIAS',7),
(53,'CURSO DE ESPECIALIZACIÓN EN CIBERSEGURIDAD EN ENTORNOS DE LAS TECNOLOGÍAS DE OPERACIÓN',7),
(54,'PROFESIONAL BÁSICO EN INSTALACIONES ELECTROTÉCNICAS Y MECÁNICA',7),
(55,'PROFESIONAL BÁSICO EN FABRICACIÓN DE ELEMENTOS METÁLICOS',7),
(56,'PROFESIONAL BÁSICO EN INSTALACIONES ELECTROTÉCNICAS Y MECÁNICA',10),
(57,'PROFESIONAL BÁSICO EN FABRICACIÓN DE ELEMENTOS METÁLICOS',10),
(58,'TÉCNICO EN REDES Y ESTACIONES DE TRATAMIENTO DE AGUAS',8),
(59,'TÉCNICO SUPERIOR EN CENTRALES ELÉCTRICAS',8),
(60,'TÉCNICO SUPERIOR EN GESTIÓN DEL AGUA',8),
(61,'TÉCNICO SUPERIOR EN EFICIENCIA ENERGÉTICA Y ENERGÍA SOLAR TÉRMICA',8),
(62,'TÉCNICO SUPERIOR EN ENERGÍAS RENOVABLES',8),
(63,'CURSO DE ESPECIALIZACIÓN EN AUDITORÍA ENERGÉTICA',8),
(64,'PROFESIONAL BÁSICO EN REFORMA Y MANTENIMIENTO DE EDIFICIOS',9),
(65,'TÉCNICO EN OBRAS DE INTERIOR, DECORACIÓN Y REHABILITACIÓN',9),
(66,'TÉCNICO EN CONSTRUCCIÓN',9),
(67,'TÉCNICO SUPERIOR EN PROYECTOS DE EDIFICACIÓN',9),
(68,'TÉCNICO SUPERIOR EN PROYECTOS DE OBRA CIVIL',9),
(69,'TÉCNICO SUPERIOR EN ORGANIZACIÓN Y CONTROL DE OBRAS DE CONSTRUCCIÓN',9),
(70,'TÉCNICO EN MECANIZADO',10),
(71,'TÉCNICO EN SOLDADURA Y CALDERERÍA',10),
(72,'TÉCNICO EN CONFORMADO POR MOLDEO DE METALES Y POLÍMEROS',10),
(73,'TÉCNICO SUPERIOR EN PROGRAMACIÓN DE LA PRODUCCIÓN EN MOLDEO DE METALES Y POLÍMEROS',10),
(74,'TÉCNICO SUPERIOR EN PROGRAMACIÓN DE LA PRODUCCIÓN EN FABRICACIÓN MECÁNICA',10),
(75,'TÉCNICO SUPERIOR EN DISEÑO EN FABRICACIÓN MECÁNICA',10),
(76,'TÉCNICO SUPERIOR EN CONSTRUCCIONES METÁLICAS',10),
(77,'CURSO DE ESPECIALIZACIÓN EN MATERIALES COMPUESTOS EN LA INDUSTRIA AEROESPACIAL',10),
(78,'CURSO DE ESPECIALIZACIÓN EN FABRICACIÓN ADITIVA',10),
(79,'TÉCNICO EN JOYERÍA',10),
(80,'TÉCNICO SUPERIOR EN ÓPTICA DE ANTEOJERÍA',10),
(81,'PROFESIONAL BÁSICO EN FABRICACIÓN Y MONTAJE',10),
(82,'TÉCNICO EN MONTAJE DE ESTRUCTURAS E INSTALACIÓN DE SISTEMAS AERONÁUTICOS',10),
(83,'PROFESIONAL BÁSICO EN FABRICACIÓN Y MONTAJE',14),
(84,'TÉCNICO EN MONTAJE DE ESTRUCTURAS E INSTALACIÓN DE SISTEMAS AERONÁUTICOS',25),
(85,'PROFESIONAL BÁSICO EN ALOJAMIENTO Y LAVANDERÍA',11),
(86,'PROFESIONAL BÁSICO EN COCINA Y RESTAURACIÓN',11),
(87,'TÉCNICO EN COCINA Y GASTRONOMÍA',11),
(88,'TÉCNICO EN SERVICIOS EN RESTAURACIÓN',11),
(89,'TÉCNICO SUPERIOR EN GUÍA, INFORMACIÓN Y ASISTENCIAS TURÍSTICAS',11),
(90,'TÉCNICO SUPERIOR EN DIRECCIÓN DE COCINA',11),
(91,'TÉCNICO SUPERIOR EN GESTIÓN DE ALOJAMIENTOS TURÍSTICOS',11),
(92,'TÉCNICO SUPERIOR EN AGENCIAS DE VIAJES Y GESTIÓN DE EVENTOS',11),
(93,'TÉCNICO SUPERIOR EN DIRECCIÓN DE SERVICIOS DE RESTAURACIÓN',11),
(94,'CURSO DE ESPECIALIZACIÓN EN PANADERÍA Y BOLLERÍA ARTESANALES',11),
(95,'CURSO DE ESPECIALIZACIÓN EN COORDINACIÓN DEL PERSONAL EN REUNIONES PROFESIONALES, CONGRESOS, FERIAS, EXPOSICIONES Y EVENTOS',11),
(96,'PROFESIONAL BÁSICO EN ACTIVIDADES DE PANADERÍA Y PASTELERÍA',11),
(97,'PROFESIONAL BÁSICO EN ACTIVIDADES DE PANADERÍA Y PASTELERÍA',17),
(98,'TÉCNICO EN EXCAVACIONES Y SONDEOS',12),
(99,'TÉCNICO EN PIEDRA NATURAL',12),
(100,'PROFESIONAL BÁSICO EN INFORMÁTICA Y COMUNICACIONES',13),
(101,'TÉCNICO EN SISTEMAS MICROINFORMÁTICOS Y REDES',13),
(102,'TÉCNICO SUPERIOR EN DESARROLLO DE APLICACIONES MULTIPLATAFORMA',13),
(103,'TÉCNICO SUPERIOR EN DESARROLLO DE APLICACIONES WEB',13),
(104,'TÉCNICO SUPERIOR EN ADMINISTRACIÓN DE SISTEMAS INFORMÁTICOS EN RED',13),
(105,'CURSO DE ESPECIALIZACIÓN EN CIBERSEGURIDAD EN ENTORNOS DE LAS TECNOLOGÍAS DE LA INFORMACIÓN',13),
(106,'CURSO DE ESPECIALIZACIÓN EN INTELIGENCIA ARTIFICIAL Y BIG DATA',13),
(107,'CURSO DE ESPECIALIZACIÓN EN DESARROLLO DE APLICACIONES EN LENGUAJE PYTHON',13),
(108,'CURSO DE ESPECIALIZACIÓN EN DESARROLLO DE VIDEOJUEGOS Y REALIDAD VIRTUAL',13),
(109,'PROFESIONAL BÁSICO EN MANTENIMIENTO DE VIVIENDAS',14),
(110,'TÉCNICO EN INSTALACIONES DE PRODUCCIÓN DE CALOR',14),
(111,'TÉCNICO EN INSTALACIONES FRIGORÍFICAS Y DE CLIMATIZACIÓN',14),
(112,'TÉCNICO EN MANTENIMIENTO ELECTROMECÁNICO',14),
(113,'TÉCNICO SUPERIOR EN MECATRÓNICA INDUSTRIAL',14),
(114,'TÉCNICO SUPERIOR EN MANTENIMIENTO DE INSTALACIONES TÉRMICAS Y DE FLUIDOS',14),
(115,'TÉCNICO SUPERIOR EN DESARROLLO DE PROYECTOS DE INSTALACIONES TÉRMICAS Y DE FLUIDOS',14),
(116,'CURSO DE ESPECIALIZACIÓN EN MODELADO DE LA INFORMACIÓN EN LA CONSTRUCCIÓN (BIM)',14),
(117,'CURSO DE ESPECIALIZACIÓN EN DIGITALIZACIÓN DEL MANTENIMIENTO INDUSTRIAL',14),
(118,'CURSO DE ESPECIALIZACIÓN EN FABRICACIÓN INTELIGENTE',14),
(119,'TÉCNICO SUPERIOR EN PREVENCIÓN DE RIESGOS PROFESIONALES',14),
(120,'PROFESIONAL BÁSICO EN PELUQUERÍA Y ESTÉTICA',15),
(121,'TÉCNICO EN PELUQUERÍA Y COSMÉTICA CAPILAR',15),
(122,'TÉCNICO EN ESTÉTICA Y BELLEZA',15),
(123,'TÉCNICO SUPERIOR EN CARACTERIZACIÓN Y MAQUILLAJE PROFESIONAL',15),
(124,'TÉCNICO SUPERIOR EN ESTILISMO Y DIRECCIÓN DE PELUQUERÍA',15),
(125,'TÉCNICO SUPERIOR EN ASESORÍA DE IMAGEN PERSONAL Y CORPORATIVA',15),
(126,'TÉCNICO SUPERIOR EN ESTÉTICA INTEGRAL Y BIENESTAR',15),
(127,'TÉCNICO SUPERIOR EN TERMALISMO Y BIENESTAR',15),
(128,'TÉCNICO EN VIDEO, DISC-JOCKEY Y SONIDO',16),
(129,'TÉCNICO SUPERIOR EN PRODUCCIÓN DE AUDIOVISUALES Y ESPECTÁCULOS',16),
(130,'TÉCNICO SUPERIOR EN SONIDO PARA AUDIOVISUALES Y ESPECTÁCULOS',16),
(131,'TÉCNICO SUPERIOR EN REALIZACIÓN DE PROYECTOS AUDIOVISUALES Y ESPECTÁCULOS',16),
(132,'TÉCNICO SUPERIOR EN ILUMINACIÓN, CAPTACIÓN Y TRATAMIENTO DE IMAGEN',16),
(133,'TÉCNICO SUPERIOR EN ANIMACIONES 3D, JUEGOS Y ENTORNOS INTERACTIVOS',16),
(134,'CURSO DE ESPECIALIZACIÓN EN AUDIODESCRIPCIÓN Y SUBTITULACIÓN',16),
(135,'PROFESIONAL BÁSICO EN INDUSTRIAS ALIMENTARIAS',17),
(136,'TÉCNICO EN ELABORACIÓN DE PRODUCTOS ALIMENTICIOS',17),
(137,'TÉCNICO EN PANADERÍA, REPOSTERÍA Y CONFITERÍA',17),
(138,'TÉCNICO EN ACEITES DE OLIVA Y VINOS',17),
(139,'TÉCNICO SUPERIOR EN PROCESOS Y CALIDAD EN LA INDUSTRIA ALIMENTARIA',17),
(140,'TÉCNICO SUPERIOR EN VITIVINICULTURA',17),
(141,'PROFESIONAL BÁSICO EN CARPINTERÍA Y MUEBLE',18),
(142,'TÉCNICO EN CARPINTERÍA Y MUEBLE',18),
(143,'TÉCNICO EN INSTALACIÓN Y AMUEBLAMIENTO',18),
(144,'TÉCNICO EN PROCESADO Y TRANSFORMACIÓN DE LA MADERA',18),
(145,'TÉCNICO SUPERIOR EN DISEÑO Y AMUEBLAMIENTO',18),
(146,'PROFESIONAL BÁSICO EN ACTIVIDADES MARÍTIMO-PESQUERAS',19),
(147,'TÉCNICO EN OPERACIONES SUBACUÁTICAS E HIPERBÁRICAS',19),
(148,'TÉCNICO EN MANTENIMIENTO Y CONTROL DE LA MAQUINARIA DE BUQUES Y EMBARCACIONES',19),
(149,'TÉCNICO EN NAVEGACIÓN Y PESCA DE LITORAL',19),
(150,'TÉCNICO EN CULTIVOS ACUÍCOLAS',19),
(151,'TÉCNICO SUPERIOR EN TRANSPORTE MARÍTIMO Y PESCA DE ALTURA',19),
(152,'TÉCNICO SUPERIOR EN ACUICULTURA',19),
(153,'TÉCNICO SUPERIOR EN ORGANIZACIÓN DEL MANTENIMIENTO DE MAQUINARIA DE BUQUES Y EMBARCACIONES',19),
(154,'PROFESIONAL BÁSICO EN MANTENIMIENTO DE EMBARCACIONES DEPORTIVAS Y DE RECREO',19),
(155,'PROFESIONAL BÁSICO EN MANTENIMIENTO DE EMBARCACIONES DEPORTIVAS Y DE RECREO',25),
(156,'TÉCNICO EN OPERACIONES DE LABORATORIO',20),
(157,'TÉCNICO EN PLANTA QUÍMICA',20),
(158,'TÉCNICO SUPERIOR EN QUÍMICA INDUSTRIAL',20),
(159,'TÉCNICO SUPERIOR EN LABORATORIO DE ANÁLISIS Y DE CONTROL DE CALIDAD',20),
(160,'TÉCNICO SUPERIOR EN FABRICACIÓN DE PRODUCTOS FARMACÉUTICOS, BIOTECNOLÓGICOS Y AFINES',20),
(161,'CURSO DE ESPECIALIZACIÓN EN CULTIVOS CELULARES',20),
(162,'TÉCNICO EN FARMACIA Y PARAFARMACIA',21),
(163,'TÉCNICO EN EMERGENCIAS SANITARIAS',21),
(164,'TÉCNICO SUPERIOR EN PRÓTESIS DENTALES',21),
(165,'TÉCNICO SUPERIOR EN RADIOTERAPIA Y DOSIMETRÍA',21),
(166,'TÉCNICO SUPERIOR EN ORTOPRÓTESIS Y PRODUCTOS DE APOYO',21),
(167,'TÉCNICO SUPERIOR EN ANATOMÍA PATOLÓGICA Y CITODIAGNÓSTICO',21),
(168,'TÉCNICO SUPERIOR EN LABORATORIO CLÍNICO Y BIOMÉDICO',21),
(169,'TÉCNICO SUPERIOR EN HIGIENE BUCODENTAL',21),
(170,'TÉCNICO SUPERIOR EN DOCUMENTACIÓN Y ADMINISTRACIÓN SANITARIAS',21),
(171,'TÉCNICO SUPERIOR EN AUDIOLOGÍA PROTÉSICA',21),
(172,'TÉCNICO SUPERIOR EN IMAGEN PARA EL DIAGNÓSTICO Y MEDICINA NUCLEAR',21),
(173,'TÉCNICO EN CUIDADOS AUXILIARES DE ENFERMERÍA',21),
(174,'TÉCNICO SUPERIOR EN DIETÉTICA',21),
(175,'TÉCNICO EN SEGURIDAD',22),
(176,'TÉCNICO EN EMERGENCIAS Y PROTECCIÓN CIVIL',22),
(177,'TÉCNICO SUPERIOR EN EDUCACIÓN Y CONTROL AMBIENTAL',22),
(178,'TÉCNICO SUPERIOR EN COORDINADOR DE EMERGENCIAS Y PROTECCIÓN CIVIL',22),
(179,'TÉCNICO SUPERIOR EN QUÍMICA Y SALUD AMBIENTAL',22),
(180,'PROFESIONAL BÁSICO EN ACTIVIDADES DOMÉSTICAS Y LIMPIEZA DE EDIFICIOS',23),
(181,'TÉCNICO EN ATENCIÓN A PERSONAS EN SITUACIÓN DE DEPENDENCIA',23),
(182,'TÉCNICO SUPERIOR EN EDUCACIÓN INFANTIL',23),
(183,'TÉCNICO SUPERIOR EN FORMACIÓN PARA LA MOVILIDAD SEGURA Y SOSTENIBLE',23),
(184,'TÉCNICO SUPERIOR EN PROMOCIÓN DE IGUALDAD DE GÉNERO',23),
(185,'TÉCNICO SUPERIOR EN INTEGRACIÓN SOCIAL',23),
(186,'TÉCNICO SUPERIOR EN MEDIACIÓN COMUNICATIVA',23),
(187,'TÉCNICO SUPERIOR EN ANIMACIÓN SOCIOCULTURAL Y TURÍSTICA',23),
(188,'PROFESIONAL BÁSICO EN TAPICERÍA Y CORTINAJE',24),
(189,'PROFESIONAL BÁSICO EN ARREGLO Y REPARACIÓN DE ARTÍCULOS TEXTILES Y DE PIEL',24),
(190,'TÉCNICO EN CALZADO Y COMPLEMENTOS DE MODA',24),
(191,'TÉCNICO EN FABRICACIÓN Y ENNOBLECIMIENTO DE PRODUCTOS TEXTILES',24),
(192,'TÉCNICO EN CONFECCIÓN Y MODA',24),
(193,'TÉCNICO SUPERIOR EN VESTUARIO A MEDIDA Y DE ESPECTÁCULOS',24),
(194,'TÉCNICO SUPERIOR EN DISEÑO Y PRODUCCIÓN DE CALZADO Y COMPLEMENTOS',24),
(195,'TÉCNICO SUPERIOR EN PATRONAJE Y MODA',24),
(196,'TÉCNICO SUPERIOR EN DISEÑO TÉCNICO EN TEXTIL Y PIEL',24),
(197,'PROFESIONAL BÁSICO EN MANTENIMIENTO DE VEHÍCULOS',25),
(198,'TÉCNICO EN MANTENIMIENTO DE ESTRUCTURAS DE MADERA Y MOBILIARIO DE EMBARCACIONES DE RECREO',25),
(199,'TÉCNICO EN ELECTROMECÁNICA DE VEHÍCULOS AUTOMÓVILES',25),
(200,'TÉCNICO EN CARROCERÍA',25),
(201,'TÉCNICO EN ELECTROMECÁNICA DE MAQUINARIA',25),
(202,'TÉCNICO EN CONDUCCIÓN DE VEHÍCULOS DE TRANSPORTE POR CARRETERA',25),
(203,'TÉCNICO EN MANTENIMIENTO DE EMBARCACIONES DE RECREO',25),
(204,'TÉCNICO EN MANTENIMIENTO DE MATERIAL RODANTE FERROVIARIO',25),
(205,'TÉCNICO SUPERIOR EN MANTENIMIENTO AEROMECÁNICO DE HELICÓPTEROS CON MOTOR DE PISTÓN',25),
(206,'TÉCNICO SUPERIOR EN MANTENIMIENTO AEROMECÁNICO DE AVIONES CON MOTOR DE PISTÓN',25),
(207,'TÉCNICO SUPERIOR EN AUTOMOCIÓN',25),
(208,'TÉCNICO SUPERIOR EN MANTENIMIENTO AEROMECÁNICO DE AVIONES CON MOTOR DE TURBINA',25),
(209,'TÉCNICO SUPERIOR EN MANTENIMIENTO DE SISTEMAS ELECTRÓNICOS Y AVIÓNICOS EN AERONAVES',25),
(210,'TÉCNICO SUPERIOR EN MANTENIMIENTO AEROMECÁNICO DE HELICÓPTEROS CON MOTOR DE TURBINA',25),
(211,'CURSO DE ESPECIALIZACIÓN EN MANTENIMIENTO DE VEHÍCULOS HÍBRIDOS Y ELÉCTRICOS',25),
(212,'CURSO DE ESPECIALIZACIÓN EN MANTENIMIENTO Y SEGURIDAD EN SISTEMAS DE VEHÍCULOS HÍBRIDOS Y ELÉCTRICOS',25),
(213,'CURSO DE ESPECIALIZACIÓN EN MANTENIMIENTO AVANZADO DE SISTEMAS DE MATERIAL RODANTE FERROVIARIO',25),
(214,'CURSO DE ESPECIALIZACIÓN EN AERONAVES PILOTADAS DE FORMA REMOTA-DRONES',25),
(215,'PROFESIONAL BÁSICO EN VIDRIERÍA Y ALFARERÍA',26),
(216,'TÉCNICO EN FABRICACIÓN DE PRODUCTOS CERÁMICOS',26),
(217,'TÉCNICO SUPERIOR EN DESARROLLO Y FABRICACIÓN DE PRODUCTOS CERÁMICOS',26);
/*!40000 ALTER TABLE `zikloak` ENABLE KEYS */;
UNLOCK TABLES;


--
-- Table structure for table `irakasleak`
--

DROP TABLE IF EXISTS `irakasleak`;
/*!40101 SET @saved_cs_client     = @@character_set_client */;
/*!40101 SET character_set_client = utf8 */;
CREATE TABLE `irakasleak` (
  `id` int(11) NOT NULL AUTO_INCREMENT,
  `izena` varchar(255) NOT NULL,
  `emaila` varchar(255) NOT NULL,
  `pasahitza` varchar(40) DEFAULT NULL,
  PRIMARY KEY (`id`)
) ENGINE=InnoDB AUTO_INCREMENT=2 DEFAULT CHARSET=utf8mb4 COLLATE=utf8mb4_general_ci;
/*!40101 SET character_set_client = @saved_cs_client */;

DELIMITER //

CREATE TRIGGER before_irakasleak_insert
BEFORE INSERT ON irakasleak
FOR EACH ROW
BEGIN
    SET NEW.pasahitza = SHA(NEW.pasahitza);
END;
//

CREATE TRIGGER before_irakasleak_update
BEFORE UPDATE ON irakasleak
FOR EACH ROW
BEGIN
    IF NEW.pasahitza != OLD.pasahitza THEN
        SET NEW.pasahitza = SHA(NEW.pasahitza);
    END IF;
END;
//

DELIMITER ;

--
-- Table structure for table `formakuntzak`
--

DROP TABLE IF EXISTS `formakuntzak`;
/*!40101 SET @saved_cs_client     = @@character_set_client */;
/*!40101 SET character_set_client = utf8 */;
CREATE TABLE `formakuntzak` (
  `id` int(11) NOT NULL AUTO_INCREMENT,
  `izena` varchar(255) NOT NULL,
  `idirakaslea` int(11) NOT NULL,
  `idikastetxea` int(6) NOT NULL,
  `idzikloa` int(5) NOT NULL,
  `modulua` varchar(100) NOT NULL,
  `data` date NOT NULL,
  `blockchain` tinyint(1) NOT NULL DEFAULT 0,
  PRIMARY KEY (`id`),
  KEY `fk_for_irak` (`idirakaslea`),
  KEY `fk_for_ikas` (`idikastetxea`),
  KEY `fk_for_zikl` (`idzikloa`),
  CONSTRAINT `fk_for_ikas` FOREIGN KEY (`idikastetxea`) REFERENCES `ikastetxeak` (`kodea`) ON DELETE NO ACTION ON UPDATE NO ACTION,
  CONSTRAINT `fk_for_irak` FOREIGN KEY (`idirakaslea`) REFERENCES `irakasleak` (`id`) ON DELETE NO ACTION ON UPDATE NO ACTION,
  CONSTRAINT `fk_for_zikl` FOREIGN KEY (`idzikloa`) REFERENCES `zikloak` (`id`) ON DELETE NO ACTION ON UPDATE NO ACTION
) ENGINE=InnoDB AUTO_INCREMENT=6 DEFAULT CHARSET=utf8mb4 COLLATE=utf8mb4_general_ci;
/*!40101 SET character_set_client = @saved_cs_client */;

--
-- Table structure for table `partaideak`
--

DROP TABLE IF EXISTS `partaideak`;
/*!40101 SET @saved_cs_client     = @@character_set_client */;
/*!40101 SET character_set_client = utf8 */;
CREATE TABLE `partaideak` (
  `id` int(11) NOT NULL AUTO_INCREMENT,
  `izena` varchar(45) NOT NULL,
  `emaila` varchar(45) NOT NULL,
  `lokalizatzailea` varchar(11) DEFAULT NULL,
  `tokenId` int(11) DEFAULT NULL,
  `idformakuntza` int(11) NOT NULL,
  PRIMARY KEY (`id`),
  KEY `fk_for_par` (`idformakuntza`),
  CONSTRAINT `fk_for_par` FOREIGN KEY (`idformakuntza`) REFERENCES `formakuntzak` (`id`) ON DELETE CASCADE ON UPDATE NO ACTION
) ENGINE=InnoDB AUTO_INCREMENT=23 DEFAULT CHARSET=utf8mb4 COLLATE=utf8mb4_general_ci;
/*!40101 SET character_set_client = @saved_cs_client */;

--
-- Dumping data for table `partaideak`
--

/*!40103 SET TIME_ZONE=@OLD_TIME_ZONE */;
/*!40101 SET SQL_MODE=@OLD_SQL_MODE */;
/*!40014 SET FOREIGN_KEY_CHECKS=@OLD_FOREIGN_KEY_CHECKS */;
/*!40014 SET UNIQUE_CHECKS=@OLD_UNIQUE_CHECKS */;
/*!40101 SET CHARACTER_SET_CLIENT=@OLD_CHARACTER_SET_CLIENT */;
/*!40101 SET CHARACTER_SET_RESULTS=@OLD_CHARACTER_SET_RESULTS */;
/*!40101 SET COLLATION_CONNECTION=@OLD_COLLATION_CONNECTION */;
/*!40111 SET SQL_NOTES=@OLD_SQL_NOTES */;

-- Dump completed on 2025-01-28 10:06:43
